{
	"appId": "com.example.reactfeatures",
	"appName": "React Native Features Comparison",
	"webDir": "dist",
	"bundledWebRuntime": false,
	"plugins": {
		"SplashScreen": {
			"launchShowDuration": 2000,
			"backgroundColor": "#0070f3",
			"showSpinner": true,
			"spinnerColor": "#ffffff"
		},
		"Haptics": {},
		"Camera": {},
		"Geolocation": {}
	},
	"server": {
		"androidScheme": "https"
	},
	"packageClassList": [
		"CAPCameraPlugin",
		"DevicePlugin",
		"GeolocationPlugin",
		"HapticsPlugin",
		"PreferencesPlugin"
	]
}
